Nova coluna 0,Nova coluna 1,Nova coluna 2 Url
novo isqueiro elétrico eletrônico usb recarregável ecológico,"R$ 43,00",https://www.americanas.com.br/produto/6014370230?pfm_carac=eletronicos&pfm_index=1&pfm_page=search&pfm_pos=grid&pfm_type=search_page&offerId=635a93cdb1efc389fc8b72b0
bebedouro cadence aqua beb102 eletrônico branco 65w,"R$ 349,99",https://www.americanas.com.br/produto/1514512206?pfm_carac=eletronicos&pfm_index=2&pfm_page=search&pfm_pos=grid&pfm_type=search_page&offerId=5e5d039479bf8430cb844820&buyboxToken=smartbuybox-acom-v2-9e6ecacb-3906-4cf4-95a4-b7b1f43b6d35-2022-12-26%2020:34:32+0000
bebedouro de água eletronico polar branco - natural e gelada ,"R$ 324,00",https://www.americanas.com.br/produto/121149573?pfm_carac=eletronicos&pfm_index=3&pfm_page=search&pfm_pos=grid&pfm_type=search_page&offerId=608c855252131c3c81909c8a&chave=b2wads_6390c6584fb08300110c8b0e_13321563000123_121149573_06ce0e8a-1446-4378-a478-56bedef019e4
purificador de água eletrônico colormaq branco bivolt - cpuelsaben,"R$ 359,90",https://www.americanas.com.br/produto/6025010088?pfm_carac=eletronicos&pfm_index=4&pfm_page=search&pfm_pos=grid&pfm_type=search_page&offerId=639b6cae401db3b86b1e88e7
bebedouro de água polar eletrônico preto natural e gelada,"R$ 348,30",https://www.americanas.com.br/produto/122126357?pfm_carac=eletronicos&pfm_index=5&pfm_page=search&pfm_pos=grid&pfm_type=search_page&offerId=608c855252131c3c81909cef&chave=b2wads_6390c658a9f7380011b7147b_13321563000123_122126357_06ce0e8a-1446-4378-a478-56bedef019e4
bebedouro de água eletronico polar prata - natural e gelada ,"R$ 333,99",https://www.americanas.com.br/produto/121149637?pfm_carac=eletronicos&pfm_index=6&pfm_page=search&pfm_pos=grid&pfm_type=search_page&offerId=59ea4d8c1f09073c7e8b3b9d&chave=b2wads_6390c6584fb08300110c8b15_13321563000123_121149637_06ce0e8a-1446-4378-a478-56bedef019e4
"mini máquina de costura portátil, kit eletrônico com pedal de luz noturna e linha reta, assistente doméstico","R$ 149,51",https://www.americanas.com.br/produto/6411192983?pfm_carac=eletronicos&pfm_index=7&pfm_page=search&pfm_pos=grid&pfm_type=search_page&offerId=63644696b1efc389fc3f3e48
bebedouro eletrônico para galão garrafâo carregamento usb,"R$ 49,00",https://www.americanas.com.br/produto/5680659975?pfm_carac=eletronicos&pfm_index=8&pfm_page=search&pfm_pos=grid&pfm_type=search_page&offerId=62fd519cadbc5f39b9597c1f
purificador de água eletrônico philco pbe05cf preto bivolt,"R$ 339,90",https://www.americanas.com.br/produto/6017618253?pfm_carac=eletronicos&pfm_index=9&pfm_page=search&pfm_pos=grid&pfm_type=search_page&offerId=633452e09064f2befbec52e4
purificador de agua eletrônico polar prata - natural e gelad,"R$ 449,10",https://www.americanas.com.br/produto/1535030652?pfm_carac=eletronicos&pfm_index=10&pfm_page=search&pfm_pos=grid&pfm_type=search_page&offerId=5e60eac579bf8430cbafff96
refil filtro para purificador eletronico de agua colormaq,"R$ 69,99",https://www.americanas.com.br/produto/5142547482?pfm_carac=eletronicos&pfm_index=11&pfm_page=search&pfm_pos=grid&pfm_type=search_page&offerId=628be71a234ca7e6fd65dc61
máquina de costura lenoxx compacta pms101 12 opções de pontos eletrônico bivolt,"R$ 321,21",https://www.americanas.com.br/produto/51660418?pfm_carac=eletronicos&pfm_index=12&pfm_page=search&pfm_pos=grid&pfm_type=search_page&offerId=636e8ac024635081e73149e2&buyboxToken=smartbuybox-acom-v2-99b17245-d997-440d-aee1-75c640c5e8e0-2022-12-26%2020:34:32+0000
refil filtro para purificador eletronico de agua colormaq,"R$ 69,99",https://www.americanas.com.br/produto/5142544290?pfm_carac=eletronicos&pfm_index=13&pfm_page=search&pfm_pos=grid&pfm_type=search_page&offerId=628be713234ca7e6fd65268c
refil filtro para purificador eletronico de agua colormaq,"R$ 69,99",https://www.americanas.com.br/produto/5142541689?pfm_carac=eletronicos&pfm_index=14&pfm_page=search&pfm_pos=grid&pfm_type=search_page&offerId=628be708234ca7e6fd6402b4
refil filtro para purificador eletronico de agua colormaq,"R$ 69,99",https://www.americanas.com.br/produto/5142546172?pfm_carac=eletronicos&pfm_index=15&pfm_page=search&pfm_pos=grid&pfm_type=search_page&offerId=628be723234ca7e6fd66ec76
refil filtro para purificador eletronico de agua colormaq,"R$ 69,99",https://www.americanas.com.br/produto/5142546738?pfm_carac=eletronicos&pfm_index=16&pfm_page=search&pfm_pos=grid&pfm_type=search_page&offerId=628be722234ca7e6fd66e977
"filtro refil colormaq acqua eletrônico - para cpuelsaben, cpuelsacen, cpuhevaban, cpuhevacan, cpuhevabbn e cpuhevacbn.","R$ 76,50",https://www.americanas.com.br/produto/3848527176?pfm_carac=eletronicos&pfm_index=17&pfm_page=search&pfm_pos=grid&pfm_type=search_page&offerId=6132395609c351890d828fd3
refil filtro para purificador eletronico de agua colormaq,"R$ 69,99",https://www.americanas.com.br/produto/5142543449?pfm_carac=eletronicos&pfm_index=18&pfm_page=search&pfm_pos=grid&pfm_type=search_page&offerId=628be719234ca7e6fd65bf6e
purgador eletrônico de água 1/2'' 16 bar 220v com registro,"R$ 376,25",https://www.americanas.com.br/produto/168446760?pfm_carac=eletronicos&pfm_index=19&pfm_page=search&pfm_pos=grid&pfm_type=search_page&offerId=5d5debaef216c95bdecf4f28&buyboxToken=smartbuybox-acom-v2-a17f11a2-3417-4b24-8987-da7763e0b8a0-2022-12-26%2020:34:32+0000
refil filtro para purificador eletronico de agua colormaq,"R$ 69,99",https://www.americanas.com.br/produto/5142546130?pfm_carac=eletronicos&pfm_index=20&pfm_page=search&pfm_pos=grid&pfm_type=search_page&offerId=628be71c234ca7e6fd660c54
refil filtro para purificador eletronico de agua colormaq,"R$ 69,99",https://www.americanas.com.br/produto/5142539685?pfm_carac=eletronicos&pfm_index=21&pfm_page=search&pfm_pos=grid&pfm_type=search_page&offerId=628be70a234ca7e6fd642a03
"mini máquina de costura portátil, kit eletrônico com pedal de luz noturna e linha reta, assistente doméstico","R$ 160,19",https://www.americanas.com.br/produto/6411237627?pfm_carac=eletronicos&pfm_index=22&pfm_page=search&pfm_pos=grid&pfm_type=search_page&offerId=63644c51b1efc389fc5afa3e
pedal reostato controlador eletrônico singer brilliance 6180,"R$ 411,32",https://www.americanas.com.br/produto/4747255175?pfm_carac=eletronicos&pfm_index=23&pfm_page=search&pfm_pos=grid&pfm_type=search_page&offerId=620c14fad9fd6edeecc4374f
refil filtro para purificador eletronico de agua colormaq,"R$ 69,99",https://www.americanas.com.br/produto/5142544329?pfm_carac=eletronicos&pfm_index=24&pfm_page=search&pfm_pos=grid&pfm_type=search_page&offerId=628be717234ca7e6fd659464
